,station_nbr,tmax,tmin,tavg,depart,dewpoint,wetbulb,heat,cool,sunrise,sunset,snowfall,preciptotal,stnpressure,sealevel,resultspeed,resultdir,avgspeed
count,20517.0,19611.0,19609.0,19048.0,9006.0,19851.0,19265.0,19048.0,19048.0,10861.0,10861.0,12982.0,17247.0,19588.0,18793.0,19928.0,19928.0,19642.0
mean,10.54905687966077,71.62113099790933,50.654546381763474,61.24013019739605,1.36309127248501,47.270918341645256,53.88824292758889,9.704535909281814,5.944666106677866,585.038578399779,1823.3870730135347,0.044908334617162225,0.11470052762799328,29.162769552787424,30.00915979354015,6.468325973504617,18.72992773986351,7.9140769779044895
std,5.76853305388907,19.84745111656147,19.13905541893734,19.194357376429377,7.6467591313278405,19.40049468475042,17.017772105439583,13.843872758066512,7.834796301122839,90.9167575250176,92.14840238028326,0.5055746882707742,0.36477587909648496,1.2454136713281088,0.19113366852361457,4.192576889728709,9.675661777228315,3.933458271367377
min,1.0,-11.0,-21.0,-16.0,-35.0,-24.0,-15.0,0.0,0.0,406.0,1611.0,0.0,0.0,23.72,29.16,0.0,1.0,0.0
25%,6.0,59.0,37.0,48.0,-3.0,33.0,42.0,0.0,0.0,527.0,1745.0,0.0,0.0,29.11,29.89,3.2,13.0,5.1
50%,11.0,76.0,53.0,65.0,2.0,51.0,57.0,0.0,0.0,602.0,1833.0,0.0,0.0,29.41,30.0,5.7,18.0,7.3
75%,16.0,87.0,67.0,77.0,6.0,64.0,68.0,17.0,12.0,646.0,1915.0,0.0,0.02,29.78,30.13,8.9,26.0,10.1
max,20.0,114.0,88.0,100.0,33.0,77.0,80.0,81.0,35.0,740.0,1949.0,16.2,7.36,30.61,30.8,28.4,36.0,28.7
